<?xml version="1.0" encoding="UTF-8"?>

<!-- 
 * security.xml
 *
 * Copyright (C) 2017 Universidad de Sevilla
 * 
 * The use of this project is hereby constrained to the conditions of the 
 * TDG Licence, a copy of which you may download from 
 * http://www.tdg-seville.info/License.html
 -->

<beans xmlns="http://www.springframework.org/schema/beans"
	xmlns:xsi="http://www.w3.org/2001/XMLSchema-instance" xmlns:security="http://www.springframework.org/schema/security"	
	xsi:schemaLocation="
		http://www.springframework.org/schema/beans http://www.springframework.org/schema/beans/spring-beans-4.0.xsd		
        http://www.springframework.org/schema/security http://www.springframework.org/schema/security/spring-security-3.2.xsd
    ">

	<!-- Security infrastructure -->

	<bean id="loginService" class="security.LoginService" />

	<bean id="passwordEncoder"
		class="org.springframework.security.authentication.encoding.Md5PasswordEncoder" />

	<!-- Access control -->

	<security:http auto-config="true" use-expressions="true">
		<security:intercept-url pattern="/" access="permitAll" /> 

		<security:intercept-url pattern="/favicon.ico" access="permitAll" /> 
		<security:intercept-url pattern="/images/**" access="permitAll" /> 
		<security:intercept-url pattern="/scripts/**" access="permitAll" /> 
		<security:intercept-url pattern="/styles/**" access="permitAll" /> 


		<security:intercept-url pattern="/security/login.do" access="permitAll" /> 
		<security:intercept-url pattern="/security/loginFailure.do" access="permitAll" /> 

		<security:intercept-url pattern="/welcome/index.do" access="permitAll" /> 

		<security:intercept-url pattern="/dashboard/admin/display.do" access="hasRole('ADMIN')" /> 
			
		<!-- Acme Rendezvous announcement -->
		<security:intercept-url pattern="/announcement/display.do" access="permitAll" /> 
		<security:intercept-url pattern="/announcement/list.do" access="permitAll" /> 
		<security:intercept-url pattern="/announcement/user/**" access="hasRole('USER')" /> 
		<security:intercept-url pattern="/announcement/admin/**" access="hasRole('ADMIN')" /> 
		
		<!-- Acme Rendezvous rende -->
		<security:intercept-url pattern="/rende/list.do" access="permitAll" /> 
		<security:intercept-url pattern="/rende/display.do" access="permitAll" /> 
		<security:intercept-url pattern="/rende/user/create.do" access="hasRole('USER')" /> 
		<security:intercept-url pattern="/rende/user/list.do" access="hasRole('USER')" /> 
		<security:intercept-url pattern="/rende/user/edit.do" access="hasRole('USER')" /> 
		<security:intercept-url pattern="/rende/user/**" access="hasRole('USER')" /> 
		<security:intercept-url pattern="/rende/user/rsvp.do" access="hasRole('USER')" /> 
		<security:intercept-url pattern="/rende/user/display.do" access="hasRole('USER')" /> 

		<security:intercept-url pattern="/rende/admin/**" access="hasRole('ADMIN')" />

		<!-- Acme Rendezvous user -->
		<security:intercept-url pattern="/user/list.do" access="hasAnyRole('ADMIN', 'USER') || isAnonymous()" /> 
		<security:intercept-url pattern="/user/display.do" access="permitAll" /> 
		<security:intercept-url pattern="/user/register.do" access="permitAll" /> 
		<security:intercept-url pattern="/user/displayAttendant.do" access="permitAll" /> 
		<security:intercept-url pattern="/user/user/**" access="hasRole('USER')" /> 
		<security:intercept-url pattern="/user/admin/**" access="hasRole('ADMIN')" /> 
		
		
		<!-- Acme Rendezvous Comments -->
		<security:intercept-url pattern="/comment/user/**" access="hasRole('USER')" /> 
		<security:intercept-url pattern="/comment/admin/**" access="hasRole('ADMIN')" /> 
		<security:intercept-url pattern="/replyComment/user/**" access="hasRole('USER')" />
		<security:intercept-url pattern="/replyComment/admin/**" access="hasRole('ADMIN')" />
		
		<!-- Acme Rendezvous Questions -->
		<security:intercept-url pattern="/question/user/**" access="hasRole('USER')" /> 
		<security:intercept-url pattern="/question/admin/**" access="hasRole('ADMIN')" /> 
		<security:intercept-url pattern="/replyQuestion/user/**" access="hasRole('USER')" /> 
		<security:intercept-url pattern="/replyQuestion/admin/**" access="hasRole('ADMIN')" /> 
		<security:intercept-url pattern="/question/list.do" access="permitAll" /> 
		
		
		<!-- Acme Rendezvous Customization welcome -->
		<security:intercept-url pattern="/welcome/admin/**" access="hasRole('ADMIN')" /> 
		
		<!-- Acme Rendezvous Services -->
		<security:intercept-url pattern="/service/list.do" access="hasAnyRole('ADMIN','USER','MANAGER')" /> 
		<security:intercept-url pattern="/service/manager/**" access="hasRole('MANAGER')"/>
		<security:intercept-url pattern="/service/admin/**" access="hasRole('ADMIN')"/>
		<!-- Acme Rendezvous Request -->
		<security:intercept-url pattern="/request/user/list.do" access="hasRole('USER')" /> 
		<security:intercept-url pattern="/request/user/create.do" access="hasRole('USER')" /> 
		<security:intercept-url pattern="/request/manager/list.do" access="hasRole('MANAGER')" /> 
		
		<!-- Acme Rendezvous Categories -->
		<security:intercept-url pattern="/category/admin/list.do" access="hasRole('ADMIN')" /> 
		<security:intercept-url pattern="/category/admin/edit.do" access="hasRole('ADMIN')" /> 
		<security:intercept-url pattern="/category/admin/create.do" access="hasRole('ADMIN')" /> 


		<security:form-login 
			login-page="/security/login.do"
			password-parameter="password" 
			username-parameter="username"
			authentication-failure-url="/security/loginFailure.do" />

		<security:logout 
			logout-success-url="/" 
			invalidate-session="true" />
	</security:http>

</beans>